"INDEX","RENEWAL_FLAG","RENEWAL_PROB","PREDICTED_RENEWAL","COST","ITEM_COUNT","PRED_ITEM_COUNT"
2,1,0.701,1,18966,14,17
5,0,0.581,1,18870.56,17,25
8,1,0.794,1,27018,16,62
20,1,0.66,1,73966,43,490
86,1,0.597,1,23974,19,52
91,1,0.636,1,79645,12,714
141,1,0.769,1,13744,29,13
166,0,0.827,1,80783,524,1465
184,0,0.548,1,18624,15,37
231,1,0.675,1,7021,17,8
238,1,0.671,1,19626,177,27
244,1,0.502,1,7313,27,9
247,1,0.563,1,22903,13,46
268,1,0.655,1,41648,20,258
273,1,0.659,1,13540,3,12
306,1,0.544,1,1920,1,5
314,1,0.755,1,37256,51,44
332,1,0.551,1,26612,38,50
350,0,0.504,1,19265,84,36
392,1,0.56,1,18609,27,37
398,0,0.623,1,61886,31,460
408,1,0.642,1,3284,11,6
439,1,0.506,1,9052,22,10
445,1,0.807,1,38736,23,134
459,0,0.741,1,2044,107,6
472,1,0.609,1,66253,14,615
483,1,0.643,1,43593,138,137
485,0,0.552,1,38098,379,71
507,0,0.631,1,288,7,5
508,1,0.664,1,68765,60,347
514,1,0.762,1,4894,19,7
539,0,0.69,1,2496,4,6
551,1,0.642,1,47810,426,144
565,0,0.534,1,9634,14,10
577,1,0.608,1,868,3,5
594,1,0.646,1,51307,26,228
595,1,0.5,1,4306,11,7
610,0,0.718,1,1188,66,6
640,1,0.596,1,22391,103,47
656,1,0.51,1,6096,50,8
657,1,0.538,1,12207,71,19
671,1,0.546,1,20357,12,41
699,1,0.518,1,276,1,5
719,1,0.802,1,13458,53,13
735,0,0.584,1,6728,241,8
752,0,0.631,1,454,3,5
777,1,0.71,1,18814,4,17
801,1,0.653,1,48469.9,192,189
828,1,0.766,1,52643,7,318
832,0,0.725,1,2256,37,6
885,1,0.644,1,40135,32,49
904,1,0.564,1,50400,115,203
922,1,0.671,1,21657,291,107
933,1,0.698,1,1638,2,6
1022,1,0.676,1,12238,28,25
1023,1,0.549,1,6304,272,8
1051,0,0.831,1,69947,11,1060
1060,0,0.503,1,2892,6,12
1077,0,0.542,1,29385,51,21
1080,1,0.623,1,551,1,5
1081,1,0.842,1,94841,34,3933
1108,1,0.695,1,89347.01,194,1357
1120,1,0.768,1,4300,34,7
1195,0,0.544,1,2770,1,7
1257,0,0.579,1,9199,2,16
1258,1,0.655,1,419,2,5
1317,1,0.632,1,725,1,5
1318,1,0.605,1,40885,12,160
1352,0,0.808,1,31103,35,81
1392,1,0.676,1,74073,99,494
1406,1,0.717,1,9722,19,9
1408,0,0.724,1,65564,14,731
1425,1,0.746,1,3806,53,7
1461,1,0.539,1,21813,31,36
1487,1,0.614,1,46164,33,162
1496,1,0.537,1,38664,23,79
1519,1,0.572,1,41419,113,46
1520,1,0.601,1,61670,42,360
1526,0,0.532,1,788,7,6
1561,0,0.625,1,59031,136,303
1595,0,0.658,1,36092,22,42
1662,1,0.553,1,55649,145,119
1679,1,0.59,1,5803,9,12
1694,1,0.559,1,32040,17,51
1707,0,0.669,1,4798,2,12
1709,1,0.78,1,39105,1169,301
1715,0,0.58,1,26669,37,63
1729,0,0.671,1,7039,14,8
1734,1,0.576,1,6528,6,6
1735,1,0.649,1,5676,6,7
1780,1,0.516,1,2904,11,12
1785,1,0.689,1,7836.9,341,11
1798,0,0.538,1,96819,923,7333
1804,1,0.515,1,761,12,14
1849,0,0.754,1,23648,1470,64
1852,1,0.762,1,21686,70,75
1887,0,0.719,1,4432,1,7
1896,1,0.588,1,6059,50,15
1897,1,0.663,1,11036,4,10
1905,1,0.655,1,15782,6,31
1948,1,0.677,1,16700,18,33
1988,0,0.67,1,5732,3,7
1993,0,0.532,1,409,1,5
2017,1,0.517,1,4877,20,7
2020,0,0.659,1,604,1,5
2027,1,0.635,1,288,1,5
2036,1,0.61,1,1916,5,6
2067,1,0.568,1,68185,86,660
2100,1,0.549,1,64,1,5
2106,1,0.632,1,725,1,5
2108,1,0.612,1,57127.35,21,336
2136,1,0.609,1,36842,37,88
2164,1,0.713,1,22719,31,35
2175,0,0.505,1,3880.25,1,7
2198,1,0.735,1,46075,35,165
2199,1,0.523,1,7812,12,9
2208,1,0.668,1,4678,2,12
2229,1,0.687,1,17431,28,35
2269,1,0.671,1,1881,2,6
2300,0,0.534,1,4432,1,5
2329,1,0.755,1,12331,14,12
2363,0,0.661,1,6825,1,8
2384,1,0.693,1,15569,12,14
2400,0,0.636,1,299,1,5
2409,0,0.643,1,365,1,5
2414,1,0.639,1,6129,3,7
2438,1,0.799,1,31767,56,43
2445,0,0.535,1,27754,4,67
2464,0,0.634,1,593,2,5
2477,1,0.574,1,4090,3,7
2555,1,0.669,1,829,1,6
2562,1,0.668,1,4678,2,12
2570,0,0.611,1,2227,2,10
2584,1,0.614,1,1240,2,5
2588,1,0.63,1,44168,72,142
2593,1,0.739,1,10238,7,10
2594,1,0.506,1,13252,15,20
2621,1,0.678,1,31448.6,23,52
2629,0,0.627,1,5060,2,7
2632,1,0.52,1,3610,5,11
2637,1,0.763,1,8455,8,9
2715,0,0.58,1,3449,6,7
2718,0,0.63,1,44137,74,142
2733,1,0.58,1,31421,29,86
2734,1,0.535,1,11695,54,12
2791,0,0.617,1,1824,8,6
2807,1,0.675,1,9500,6,17
2824,0,0.617,1,461,1,5
2833,1,0.517,1,4091.9,26,7
2844,1,0.515,1,32495,61,87
2860,1,0.507,1,6842,7,9
2869,1,0.604,1,2399,1,11
2880,1,0.515,1,35224,10,63
2915,1,0.736,1,72524,176,1832
2988,0,0.69,1,2016,6,6
3008,1,0.505,1,5528,9,8
3052,1,0.525,1,6948,16,9
3112,1,0.632,1,90168.5,31,1139
3115,1,0.653,1,52240,173,243
3116,1,0.58,1,20870,54,43
3136,1,0.612,1,47400,2365,241
3154,1,0.707,1,6208,2,8
3194,1,0.542,1,21371,9,44
3208,1,0.663,1,1928,1,6
3222,1,0.637,1,2339,1,11
3301,1,0.791,1,56823.94,98,766
3302,1,0.545,1,7351,5,14
3349,1,0.66,1,69476,154,761
3356,0,0.567,1,25162,21,67
3389,1,0.574,1,37137.6,27,71
3437,1,0.503,1,20852,229,25
3441,1,0.739,1,1682.36,26,6
3501,0,0.642,1,268,14,5
3575,1,0.579,1,23438,43,51
3589,1,0.85,1,92694,165,4780
3592,1,0.541,1,16103,43,16
3593,1,0.603,1,53250,15,260
3645,1,0.774,1,37261.7,157,44
3680,1,0.648,1,42679,180,129
3710,1,0.622,1,37936,31,132
3715,1,0.585,1,527,2,5
3741,1,0.568,1,2235.46,7,6
3748,1,0.787,1,24669,11,53
3749,0,0.502,1,300,1,6
3757,1,0.663,1,1051,4,6
3807,0,0.53,1,675,3,9
3823,1,0.723,1,41013,13,75
3860,0,0.524,1,3274,13,12
3902,1,0.515,1,540,2,9
3976,1,0.506,1,5410,231,25
3991,1,0.576,1,4391,3,7
4004,1,0.665,1,2974,40,6
4059,1,0.675,1,12951,6,21
4097,1,0.855,1,39410,195,140
4125,1,0.753,1,69484,21,870
4131,0,0.78,1,89029.36,262,3458
4200,0,0.519,1,17520,4,34
4249,1,0.573,1,5132,8,19
4255,1,0.665,1,62646.25,232,484
4298,0,0.576,1,31336,24,85
4344,1,0.748,1,7600,20,9
4347,1,0.601,1,19323,15,37
4396,0,0.505,1,5291,10,8
4423,0,0.718,1,17978,39,16
4431,1,0.618,1,5416,3,8
4464,1,0.719,1,17508,28,15
4488,1,0.802,1,17032,830,28
4493,1,0.658,1,55507,194,302
4500,1,0.566,1,6545,381,27
4507,1,0.624,1,3280,2,11
4516,0,0.605,1,117,1,5
4526,1,0.557,1,22395.51,17,47
4531,0,0.744,1,12432,7,12
4570,1,0.621,1,54739.76,34,287
4597,1,0.776,1,12073,266,20
4618,1,0.785,1,75239,31,1014
4627,0,0.745,1,7654,16,9
4634,1,0.81,1,33959,21,50
4707,1,0.794,1,88363,4263,9358
4739,0,0.675,1,779,2,5
4756,1,0.55,1,31757,59,83
4766,0,0.817,1,29501,15,73
4787,1,0.511,1,4260,8,7
4814,1,0.727,1,22642,44,22
4821,0,0.502,1,43237,22,52
4823,0,0.608,1,68281,77,267
4840,1,0.522,1,13131.25,26,13
4848,1,0.665,1,8094,8,8
4867,1,0.505,1,8855,22,10
4874,1,0.751,1,13969,9,13
4928,1,0.567,1,861,2,5
4990,1,0.609,1,999,1,10
4991,1,0.525,1,7399,6,9
5024,1,0.599,1,2016,7,6
5032,1,0.659,1,27871,28,53
5043,1,0.786,1,13147,18,12
5051,1,0.664,1,52184,26,239
5084,1,0.752,1,27776,13,23
5108,1,0.759,1,17457,10,17
5111,1,0.692,1,2394,5,6
5123,1,0.643,1,505,5,5
5138,0,0.634,1,3636,8,6
5179,1,0.551,1,12224,130,19
5191,1,0.784,1,27600.87,25,32
5194,0,0.665,1,1562,2,6
5215,1,0.601,1,836,2,5
5246,0,0.647,1,4432,1,7
5295,0,0.586,1,97408,61,6651
5305,0,0.514,1,50612.88,30,85
5312,1,0.522,1,12909,26,13
5359,0,0.685,1,2998,2,6
5360,1,0.759,1,31996,53,81
5370,0,0.577,1,26132,34,60
5418,1,0.515,1,6997,10,9
5426,0,0.583,1,810,3,9
5435,1,0.592,1,222,1,5
5475,1,0.739,1,5703,3,8
5546,1,0.506,1,33864,38,95
5563,1,0.61,1,790,2,9
5623,0,0.681,1,1844,4,6
5628,1,0.529,1,58465.21,43,502
5637,0,0.75,1,7625.31,22,9
5647,1,0.842,1,40769,61,153
5659,1,0.627,1,4561,37,7
5733,1,0.775,1,35078.3,38,38
5825,1,0.56,1,1147,15,7
5919,1,0.628,1,7576.75,17,9
5938,1,0.597,1,2959,3,7
5974,1,0.516,1,2565,53,6
5990,1,0.502,1,4355.37,61,7
6046,1,0.602,1,77504,47,492
6125,0,0.657,1,3864,3,6
6133,1,0.642,1,615,19,9
6146,0,0.502,1,92687,21,1240
6185,1,0.512,1,6243,194,7
6200,1,0.549,1,25914,842,81
6224,1,0.646,1,2470,21,6
6236,0,0.515,1,9151,33,10
6334,0,0.598,1,2744,1,6
6348,0,0.685,1,2265,35,6
6397,1,0.524,1,18011,21,28
6457,0,0.682,1,966,2,6
6476,1,0.6,1,101,1,5
6551,0,0.548,1,835,68,10
6575,1,0.729,1,2124,236,10
6576,1,0.609,1,132,1,5
6619,1,0.553,1,97474,78,4445
6639,1,0.66,1,948,4,6
6647,1,0.589,1,85799,49,1014
6684,1,0.523,1,11903,31,12
6768,1,0.617,1,1557,6,10
6773,1,0.572,1,23775,116,41
6991,1,0.545,1,27950,625,93
7002,1,0.594,1,33608,49,99
7097,1,0.714,1,38102,20,119
7101,1,0.54,1,19228.01,38,30
7103,0,0.651,1,1020,2,6
7123,1,0.727,1,6539,7,8
7169,1,0.53,1,69772,46,710
7194,1,0.607,1,730,2,9
7361,1,0.81,1,74131,764,1183
7401,0,0.599,1,38022.47,141,82
7422,1,0.587,1,57928.64,45,296
7500,1,0.58,1,56,1,5
7501,1,0.55,1,44059,75,134
7530,0,0.522,1,408,2,6
7565,1,0.562,1,15480.55,54,14
7587,0,0.511,1,21811,97,13
7588,0,0.679,1,1404,6,6
7593,1,0.717,1,12580,48,25
7610,0,0.562,1,6382,3,6
7617,1,0.513,1,11043,22,11
7623,1,0.685,1,8265,388,33
7681,1,0.732,1,6852,9,8
7694,1,0.577,1,19852,10,40
7750,1,0.536,1,3549.13,8,7
7775,1,0.689,1,52099,18,362
7951,1,0.707,1,2996,8,6
7985,0,0.58,1,56,1,5
8016,1,0.636,1,16090.94,62,98
8042,1,0.661,1,34331,228,104
8047,1,0.614,1,45441,122,123
8067,1,0.56,1,58683,37,146
8079,1,0.689,1,14202,15,12
8092,0,0.52,1,55096.65,43,269
8112,1,0.739,1,4451,5,7
8120,1,0.665,1,570,2,5
8145,1,0.664,1,713,1,5
8162,1,0.569,1,36875,13,123
8185,1,0.73,1,2800,34,6
8187,1,0.562,1,93558,80,1654
8191,1,0.5,1,22114.75,11,39
8219,0,0.55,1,5334,6,27
8250,1,0.652,1,312,3,5
8255,0,0.568,1,1546,2,6
8322,0,0.676,1,7218,10,15
8323,0,0.596,1,188.08,2,5
8332,1,0.662,1,79879,44,725
8334,1,0.582,1,45724,7,158
8391,1,0.572,1,933,1,10
8401,1,0.575,1,8119,10,32
8450,1,0.811,1,30165,28,39
8472,0,0.596,1,43550,57,109
8476,1,0.72,1,4678,1,7
8488,1,0.522,1,1176,8,15
8509,0,0.667,1,5260,3,7
8518,1,0.726,1,6978,6,8
8541,0,0.543,1,40,2,5
8571,0,0.666,1,7324,10,8
8577,0,0.547,1,684,3,6
8594,1,0.677,1,70127.99,352,794
8636,0,0.727,1,2613,6,6
8665,1,0.568,1,35888,22,65
8681,0,0.582,1,24954,1045,96
8693,1,0.623,1,551,1,5
8694,0,0.636,1,4752,2,12
8705,1,0.649,1,4608,9,7
8710,0,0.657,1,17288,20,20
8719,0,0.625,1,2327,8,6
8722,0,0.748,1,23707.5,325,31
8767,1,0.577,1,600,4,9
8798,0,0.64,1,6177,3,7
8804,1,0.526,1,37875,15,124
8824,1,0.72,1,22779,29,22
8848,0,0.67,1,13296,3,26
8912,1,0.602,1,6504,3,7
8954,0,0.552,1,3803,12,24
9006,0,0.611,1,38733.25,86,139
9023,1,0.579,1,4083,4,7
9087,0,0.599,1,1040,1,5
9175,1,0.632,1,725,1,5
9245,1,0.508,1,2803,113,21
9329,0,0.656,1,1536,1,6
9340,1,0.571,1,66,4,5
9342,1,0.68,1,30735,138,56
9355,1,0.749,1,39845,31,52
9405,1,0.773,1,8085,17,9
9508,1,0.662,1,23947,436,52
9598,0,0.734,1,3741,5,7
9602,1,0.584,1,10192,4,26
9633,0,0.663,1,6702,10,8
9645,0,0.564,1,89723,6,1105
9646,1,0.584,1,45705,19,221
9713,0,0.579,1,45888,6,160
9770,0,0.506,1,22864,10,56
9778,1,0.577,1,2054,13,7
9796,1,0.514,1,15235,17,23
9830,1,0.568,1,16926,44,33
9853,1,0.509,1,3546,34,16
9904,1,0.5,1,128,2,5
10016,1,0.52,1,8568,47,10
10072,1,0.65,1,1936,4,10
10089,1,0.546,1,16847,16,33
10108,1,0.576,1,3972,14,17
10114,0,0.518,1,19966,728,19
10147,1,0.526,1,52304,19,230
10181,1,0.525,1,33511,17,56
10305,1,0.693,1,1182,3,6
10327,1,0.704,1,5648,2,8
10362,1,0.588,1,71,1,5
10373,1,0.697,1,2572,6,6
10420,0,0.58,1,27400,137,52
10437,1,0.509,1,7868.51,32,9
10482,1,0.68,1,8798,9,16
10528,0,0.596,1,33952,2,68
10639,1,0.624,1,3360,4,6
10681,0,0.611,1,1150,2,5
10715,0,0.668,1,9581,640,35
10720,1,0.629,1,56822.06,47,329
10749,0,0.769,1,28679,1,35
10820,0,0.547,1,1638,4,6
10874,0,0.528,1,17603,26,27
10944,0,0.52,1,2998.42,1,5
10969,0,0.539,1,43631,144,126
10997,1,0.529,1,36170,18,67
11078,0,0.727,1,8862.5,4,9
11088,0,0.503,1,45582,27,143
11098,1,0.555,1,1435,41,10
11275,1,0.504,1,225,10,24
11392,1,0.735,1,31792,63,64
11406,0,0.545,1,46318,25,130
11422,0,0.547,1,52527,23,197
11430,1,0.682,1,2252.89,3,6
11455,0,0.737,1,29568,16,69
11488,0,0.556,1,63442,723,2162
11502,0,0.517,1,69,1,9
11595,1,0.816,1,34642,51,102
11618,0,0.693,1,1170,3,6
11652,1,0.543,1,149,1,9
11666,1,0.656,1,7336,8,8
11671,1,0.638,1,321,1,5
11714,1,0.553,1,95,5,9
11738,1,0.697,1,16296,8,26
11773,1,0.607,1,3390,4,7
11776,0,0.575,1,67606,289,263
11890,1,0.596,1,33511,54,98
11946,1,0.672,1,1412,4,6
11953,0,0.568,1,7492,97,9
11967,1,0.657,1,1743,7,10
11971,0,0.597,1,37400,1,90
12011,0,0.517,1,69,1,9
12057,1,0.649,1,3528,8,11
12072,1,0.703,1,10017,8,10
12080,1,0.502,1,7570,25,9
12142,0,0.512,1,15850,350,42
12159,1,0.688,1,3075,15,11
12180,1,0.509,1,7888,6,9
12216,1,0.636,1,7339,5,9
12217,1,0.645,1,71877,22,427
12242,0,0.813,1,51226,22,307
12251,1,0.556,1,61812.25,55,1526
12269,1,0.513,1,4480,19,7
12382,1,0.521,1,15396,23,24
12383,0,0.515,1,6256.25,61,8
12387,0,0.767,1,78917,32,694
12406,1,0.579,1,20047,34,38
12436,0,0.513,1,63889,25,481
12445,1,0.545,1,1628,103,11
12476,1,0.691,1,700,7,5
12477,1,0.734,1,6184,12,8
12515,1,0.551,1,22307,13,47
12525,1,0.537,1,37246,28,35
12555,0,0.648,1,3206,9,11
12585,1,0.596,1,916.18,5,10
12636,0,0.635,1,5999,1,13
12662,1,0.62,1,900,3,10
12687,0,0.534,1,4432,1,5
12726,1,0.685,1,76086,144,564
12739,1,0.518,1,11210.5,27,11
12767,1,0.521,1,28328,45,56
12795,0,0.644,1,818,2,6
12813,1,0.683,1,405,11,5
12849,1,0.731,1,3386,5,7
12892,0,0.619,1,2858,2,11
12940,0,0.823,1,35259,83,107
13023,1,0.567,1,27041,14,50
13033,1,0.683,1,20791,23,34
13093,0,0.597,1,1498,2,10
13119,0,0.55,1,7624,3,31
13123,0,0.585,1,180,1,5
13125,1,0.83,1,67678,52,912
13137,0,0.545,1,25718,190,101
13176,0,0.517,1,69,1,9
13198,0,0.703,1,1613,3,6
13215,1,0.626,1,336,4,5
13237,1,0.699,1,3360,4,7
13256,0,0.69,1,2540,4,6
13265,1,0.586,1,43586,1829,223
13271,0,0.503,1,10952.21,157,31
13312,0,0.581,1,57,1,5
13331,0,0.785,1,36721.5,17,59
13364,1,0.729,1,28800.3,52,53
13444,1,0.687,1,1700,7,6
13459,1,0.585,1,4908,4,8
13511,0,0.501,1,4923,9,8
13610,1,0.572,1,22256,34,47
13632,0,0.506,1,16861,10,26
13711,1,0.52,1,293,1,5
13760,1,0.724,1,21179,8,20
13810,1,0.526,1,24255,150,50
13842,1,0.596,1,12933,5,32
13845,0,0.531,1,36284,43,80
13905,0,0.64,1,41726,132,121
13909,1,0.559,1,64647,37,952
13961,1,0.589,1,10285,17,10
13971,0,0.658,1,39116.03,56,70
13986,1,0.507,1,846,7,14
14002,1,0.689,1,14701,41,29
14048,1,0.563,1,1084,10,5
14122,0,0.529,1,195,12,6
14203,1,0.601,1,3160,8,10
14269,0,0.508,1,20718,40,34
14271,1,0.679,1,2017,3,6
14277,1,0.563,1,9318,8,15
14365,1,0.511,1,5822,11,8
14380,0,0.628,1,237,1,5
14389,1,0.545,1,4497,1,11
14581,1,0.607,1,1635,3,10
14734,1,0.55,1,499,1,9
14797,1,0.732,1,3840,4,7
14852,1,0.689,1,7692,18,15
14967,1,0.793,1,71653.95,203,429
15038,1,0.632,1,720,1,5
15061,1,0.673,1,456,28,5
15094,1,0.604,1,1623,13,6
15175,1,0.585,1,499,1,9
15177,0,0.525,1,32430,2152,149
15205,1,0.523,1,1159,9,15
15374,1,0.66,1,2997,3,11
15422,1,0.73,1,81599,35,1832
15453,1,0.586,1,542,2,5
15579,1,0.729,1,3480,4,7
15595,1,0.708,1,3065,1,6
15727,1,0.654,1,19364,4,39
15779,0,0.618,1,478,1,5
15786,1,0.666,1,1043,27,10
15905,1,0.588,1,1159,2,10
15913,1,0.645,1,32097,3,137
15942,0,0.71,1,3621.78,7,7
15969,1,0.585,1,276,4,9
16064,1,0.722,1,8967,28,9
16138,1,0.591,1,32008,46,89
16211,1,0.611,1,36304.56,96,118
16266,1,0.509,1,19792,9,32
16328,1,0.577,1,298,2,9
16337,1,0.713,1,24716,10,46
16350,0,0.521,1,25607,78,34
16420,1,0.517,1,69,1,9
16439,1,0.524,1,33985,16,58
16556,1,0.502,1,23197,26,40
16595,1,0.703,1,2594,1,6
16640,1,0.712,1,17572,46,25
16677,1,0.738,1,2929,10,6
16721,1,0.604,1,2389,1,11
16737,1,0.527,1,25200,3,57
16774,1,0.74,1,47147,14,85
16891,1,0.675,1,8674,9,19
16959,1,0.56,1,22359,20,47
16986,1,0.524,1,86396,48,838
17053,1,0.67,1,13770,4,12
17130,1,0.603,1,306,1,5
17131,1,0.794,1,12913,768,21
17278,1,0.663,1,533,2,5
17300,1,0.638,1,1332,4,10
17310,1,0.699,1,10560,24,22
17399,1,0.809,1,6064,301,8
17746,0,0.568,1,8316,4,17
17787,1,0.667,1,428,4,5
17919,0,0.504,1,26927,53,18
17992,1,0.597,1,34652,255,183
18049,1,0.55,1,138,2,9
18121,1,0.827,1,83267,703,4411
18248,1,0.603,1,648,2,9
18303,0,0.518,1,42260,12,115
18316,0,0.522,1,16478,107,25
18631,1,0.654,1,918,3,6
18676,1,0.577,1,71821,117,839
18714,1,0.57,1,72220.51,53,835
18772,0,0.525,1,12618,31,12
18786,1,0.664,1,62170.95,219,469
18841,1,0.624,1,24398.4,36,52
18879,1,0.587,1,41779,41,97
19091,1,0.779,1,24330,1958,32
19116,0,0.67,1,1702,74,10
19161,1,0.513,1,2103,5,6
19167,0,0.57,1,117,1,5
19197,1,0.534,1,440,1,5
19282,1,0.56,1,88,1,5
19305,0,0.555,1,27222,45,52
19430,1,0.727,1,2925,5,6
19545,1,0.519,1,11399,5,12
19635,1,0.83,1,55687.3,30,294
19651,1,0.657,1,991,3,6
19695,1,0.689,1,18606,4,31
19729,1,0.678,1,7037,46,9
19730,1,0.55,1,138,2,9
19888,1,0.522,1,14605,59,27
19996,1,0.604,1,4404,2,7
20046,1,0.737,1,12716,4,12
20226,1,0.632,1,670,10,9
20261,0,0.513,1,64696,5,363
20338,1,0.708,1,35268,4,93
20459,1,0.613,1,17870,7,44
20496,1,0.585,1,499,1,9
20509,1,0.556,1,15930,28,31
20598,1,0.616,1,66957,20,644
20752,1,0.582,1,2320,2,6
20860,1,0.737,1,26064,100,44
20896,0,0.521,1,19363,16,31
20915,1,0.522,1,9143,172,8
20971,1,0.766,1,6186,17,8
21046,1,0.613,1,4048,4,7
21047,1,0.532,1,546,2,6
21220,1,0.802,1,31670,69,43
21238,1,0.675,1,8123,2,8
21277,1,0.616,1,6965,3,17
21425,1,0.523,1,1580,4,9
21446,1,0.53,1,29570,63,60
21467,1,0.557,1,2178,4,6
21534,1,0.56,1,88,1,5
21562,1,0.585,1,499,1,9
21681,1,0.718,1,4330,1,7
21716,0,0.725,1,8081,146,19
21746,1,0.509,1,4690.39,2,5
21838,1,0.753,1,26148,79,21
21916,0,0.503,1,74685,12,983
21955,0,0.503,1,30413.48,41,22
22036,0,0.544,1,43665,144,54
22045,0,0.572,1,31767,31,50
22327,1,0.566,1,604,2,9
22386,1,0.743,1,34099,29,36
22490,1,0.587,1,26181,54,61
22569,0,0.662,1,672,1,5
22587,1,0.59,1,367,3,9
22652,1,0.598,1,57280,42,270
22834,0,0.513,1,1390,2,9
22924,0,0.601,1,288,1,5
22950,1,0.745,1,20142,18,34
22994,0,0.54,1,1093,3,5
23048,1,0.615,1,656,4,9
23096,0,0.506,1,3924,4,12
23146,0,0.577,1,2598,1,7
23216,1,0.504,1,38376,36,92
23217,1,0.744,1,8234,14,9
23352,1,0.534,1,1625,5,9
23657,0,0.743,1,5890.95,4,8
23984,1,0.56,1,20424,23,41
24021,1,0.508,1,150,1,9
24078,1,0.513,1,13699,20,21
24109,0,0.595,1,46320,13,164
24118,1,0.571,1,587,14,6
24128,1,0.591,1,18387,10,35
24161,0,0.525,1,16789,25,26
24250,1,0.603,1,29079,740,69
24264,1,0.68,1,2554,2,6
24276,1,0.743,1,11580,7,11
24313,0,0.505,1,4407,3,13
24326,1,0.645,1,396,1,5
24437,1,0.616,1,2188,3,10
24474,1,0.623,1,613,7,9
24514,0,0.526,1,8627,12,10
24576,0,0.622,1,544,1,5
24608,1,0.645,1,6373.3,2,14
24630,1,0.636,1,460,4,5
24672,0,0.542,1,2599,1,7
24709,1,0.542,1,51,1,5
24825,1,0.637,1,5644,3,7
24884,0,0.556,1,76246.21,26,1090
25059,1,0.581,1,1584,4,6
25126,1,0.53,1,662,1,6
25149,1,0.629,1,10732,28,21
25305,0,0.527,1,1076,3,6
25348,1,0.766,1,6832,14,8
25547,1,0.604,1,2399,1,11
25593,0,0.536,1,986,2,9
25623,1,0.533,1,2474,2,10
25689,0,0.539,1,22940.9,20,30
25748,1,0.736,1,8000,1,9
25823,1,0.618,1,17867,30,46
25865,1,0.662,1,1160,3,6
25971,1,0.658,1,2181,5,10
26137,0,0.536,1,13800,54,21
26154,0,0.562,1,63840,72,495
26166,1,0.676,1,97855,63,2384
26207,1,0.557,1,656,2,5
26309,1,0.647,1,886,2,6
26327,1,0.621,1,192,1,5
26443,0,0.673,1,1693,3,6
26465,1,0.645,1,40734,12,243
26604,1,0.547,1,40088,176,144
26605,0,0.583,1,810,3,9
26613,1,0.53,1,9035,13,10
26660,1,0.519,1,102,1,5
26715,1,0.562,1,48209,12,144
26731,1,0.51,1,8963,27,10
26761,1,0.594,1,6808,14,6
26765,0,0.693,1,44952,11,167
26771,1,0.535,1,1862,4,10
26835,1,0.618,1,998,2,10
26870,1,0.527,1,3843,46,7
26881,0,0.637,1,4554,12,7
26917,1,0.626,1,472,2,5
26952,1,0.62,1,11427,13,18
26961,1,0.517,1,9036,37,10
27013,1,0.531,1,8291,78,9
27047,1,0.764,1,5892,16,8
27050,1,0.52,1,13137,29,20
27059,1,0.743,1,1300,50,6
27063,0,0.647,1,24964,14,44
27073,0,0.561,1,1248,2,6
27080,0,0.655,1,4448,13,7
27082,1,0.659,1,16920,9,26
27186,1,0.637,1,3248,1,6
27205,1,0.503,1,22622,315,23
27209,0,0.572,1,31111,174,23
27234,1,0.618,1,478,1,5
27259,1,0.514,1,246,1,5
27274,1,0.569,1,1190,1,5
27280,0,0.665,1,75612.26,6,804
27296,0,0.521,1,35284,109,59
27341,0,0.524,1,4405.53,85,12
27346,1,0.562,1,64462,83,196
27371,1,0.751,1,50322,16,273
27381,1,0.516,1,1521,3,9
27382,1,0.513,1,12382,19,12
27403,0,0.711,1,15991,32,14
27414,1,0.684,1,1044,2,6
27421,0,0.653,1,504,1,5
27427,1,0.679,1,887,2,6
27436,1,0.596,1,2480,4,7
27498,1,0.706,1,95072,32,6345
27504,1,0.751,1,11569,12,11
27524,1,0.511,1,14866,16,23
27528,1,0.64,1,336,1,5
27547,1,0.692,1,972,4,6
27551,1,0.725,1,4140,2,7
27555,0,0.669,1,460,4,5
27557,1,0.772,1,38991,87,129
27606,1,0.69,1,34131.78,117,129
27623,1,0.667,1,12468,2,21
27651,1,0.594,1,237,1,5
27667,1,0.593,1,2390,1,6
27694,1,0.548,1,21756,12,45
27717,1,0.509,1,33712,25,172
27726,1,0.712,1,2196,3,6
27792,1,0.818,1,35309,59,107
27800,0,0.57,1,48696,73,153
27802,0,0.522,1,406,2,6
27830,1,0.567,1,1217,3,6
27871,0,0.627,1,4932,6,8
27876,1,0.66,1,7136,4,14
27913,1,0.723,1,3282,3,6
27934,0,0.603,1,305,1,5
27961,0,0.503,1,5171.54,1,5
28006,1,0.565,1,1813,1,6
28013,0,0.588,1,1469,1,10
28098,1,0.506,1,240,6,9
28112,0,0.605,1,15666.75,31,11
28119,1,0.534,1,21352,161,76
28211,1,0.669,1,9558,4,17
28220,0,0.728,1,97577.18,354,4715
28230,1,0.575,1,32175,825,88
28249,0,0.526,1,79636,32,1364
28263,1,0.784,1,27544,24,32
28361,0,0.581,1,39541,3980,71
28406,0,0.519,1,6049,15,8
28418,1,0.759,1,33039,10,87
28444,1,0.761,1,7446,9,9
28527,1,0.665,1,747,1,5
28545,1,0.587,1,521,1,9
28561,1,0.692,1,1369,2,6
28579,1,0.638,1,67351.61,57,661
28636,0,0.615,1,1656,1,6
28650,0,0.6,1,818,2,5
28653,1,0.568,1,28749,73,102
28693,1,0.56,1,22397,20,47
28722,1,0.558,1,562,3,5
28874,0,0.58,1,4629,8,12
28943,1,0.621,1,15114,578,29
28959,1,0.648,1,2030,32,6
28974,1,0.647,1,21682,13,79
29071,1,0.502,1,38328,26,128
29111,0,0.532,1,4049.19,9,5
29164,1,0.576,1,25989,33,60
29185,1,0.754,1,5984,8,8
29303,0,0.551,1,40130,54,188
29313,1,0.695,1,15069,14,13
29334,0,0.501,1,226,2,6
29394,1,0.51,1,4430,38,12
29402,1,0.781,1,9420,22,10
29411,0,0.537,1,2751,6,11
29418,0,0.606,1,45746,22,158
29430,0,0.708,1,14373,565,49
29433,0,0.548,1,504,2,5
29458,0,0.675,1,780,2,5
29481,1,0.534,1,71923,53,818
29505,0,0.643,1,795.3,2,6
29570,1,0.52,1,20780,14,34
29647,1,0.693,1,1408,2,6
29667,1,0.663,1,1478,2,6
29676,1,0.598,1,202,2,5
29692,1,0.623,1,90194.32,98,1140
29693,1,0.521,1,307,1,5
29749,1,0.527,1,36236,135,63
29754,1,0.689,1,4938,7,12
29829,1,0.551,1,66,1,5
29847,0,0.513,1,44309,14,136
29873,1,0.535,1,26146,19,48
29881,1,0.658,1,3258,25,6
29912,1,0.648,1,75588,23,546
30007,1,0.603,1,70664.06,61,1915
30052,1,0.652,1,5033,9,7
30079,0,0.582,1,163,1,5
30118,1,0.555,1,3886,3,11
30183,0,0.516,1,4851,10,7
30192,1,0.612,1,21084,49,43
30224,0,0.557,1,21580,18,45
30226,1,0.671,1,22883,4,43
30318,1,0.702,1,1920,2,6
30486,1,0.741,1,6262.8,18,8
30494,1,0.506,1,12172,14,12
30568,1,0.578,1,24795,38,55
30570,1,0.69,1,6431.41,26,14
30592,1,0.585,1,18536,310,29
30655,0,0.692,1,49709.09,69,277
30816,0,0.665,1,2043,1,6
30827,0,0.507,1,23019,262,37
30865,1,0.753,1,2848,122,6
30892,1,0.715,1,58212,33,407
30906,1,0.528,1,5110,4,21
30908,0,0.553,1,12344,23,12
30941,0,0.528,1,33894,21,28
30947,0,0.653,1,51953,36,238
31001,1,0.537,1,44,1,5
31004,0,0.74,1,7640,12,9
31027,0,0.664,1,7475,1,8
31049,1,0.648,1,1869,7,6
31082,0,0.576,1,27563,29,66
31086,0,0.575,1,900,3,5
31097,1,0.688,1,3244,2,6
31228,1,0.679,1,28632,5,43
31293,1,0.522,1,6000,2,12
31294,1,0.627,1,40760,71,114
31357,1,0.677,1,92465.8,71,1668
31369,0,0.707,1,34354,7,48
31524,1,0.6,1,101,1,5
31607,1,0.542,1,6963,9,15
31614,1,0.656,1,44186,19,306
31684,0,0.524,1,39890,12,85
31693,1,0.638,1,322,1,5
31719,0,0.6,1,36595.2,90,69
31728,1,0.666,1,1268,19,10
31777,0,0.709,1,6699,2,8
31803,1,0.645,1,9266,16,9
31835,1,0.59,1,616,2,5
31883,1,0.519,1,94664,33,1448
31930,1,0.546,1,41167,32,93
31976,1,0.585,1,55810,124,120
32048,1,0.531,1,15588,36,24
32060,0,0.528,1,79818,180,1895
32086,1,0.564,1,1040,1,5
32232,0,0.781,1,18017,39,17
32233,1,0.614,1,160,8,5
32242,1,0.621,1,35668,32,114
32290,1,0.551,1,1382,58,21
32354,0,0.635,1,50881,15,222
32366,1,0.699,1,67479,76,319
32392,1,0.504,1,6734,6,8
32405,1,0.525,1,6507,18,8
32466,1,0.506,1,13248,12,13
32567,0,0.524,1,23376,3,50
32578,0,0.735,1,16364,2,15
32626,1,0.688,1,3244,2,6
32659,0,0.539,1,10450,16,11
32667,0,0.669,1,650,2,5
32708,0,0.503,1,36373,5,68
32727,1,0.599,1,11872,4,19
32737,0,0.608,1,1197.76,6,10
32738,1,0.743,1,4686,6,7
32742,1,0.681,1,783,3,6
32765,1,0.821,1,59184,32,520
32839,1,0.613,1,54173,89,219
32855,1,0.706,1,4376,4,7
32870,1,0.571,1,24565,28,54
32873,1,0.566,1,26488,20,62
32992,0,0.711,1,9344,1,10
33002,1,0.602,1,4290,20,25
33049,0,0.556,1,9163.02,4,10
33166,0,0.534,1,26673,4,63
33192,1,0.775,1,15204,36,14
33236,0,0.605,1,75573,11,433
33256,1,0.557,1,1789,3,5
33308,1,0.801,1,44876,36,102
33333,1,0.733,1,6957,9,8
33351,1,0.558,1,19174,23,38
33369,1,0.626,1,26265,321,61
33418,1,0.503,1,15406,10,24
33429,0,0.512,1,14463,17,22
33449,1,0.801,1,30727,21,79
33483,1,0.527,1,73757,14,363
33532,0,0.694,1,2136,7,6
33538,1,0.657,1,37694.62,89,125
33648,1,0.513,1,4761,17,7
33659,1,0.709,1,1705,4,6
33739,1,0.677,1,534,27,5
33799,1,0.767,1,68724,166,901
33805,0,0.724,1,20015,801,71
33945,0,0.553,1,208,2,5
33968,1,0.529,1,9228,12,10
34013,0,0.502,1,34257,31,98
34015,1,0.744,1,6413,21,8
34087,1,0.546,1,37091,38,71
34196,1,0.567,1,11742.95,8,8
34211,0,0.611,1,67039.25,90,246
34226,0,0.542,1,74279,27,375
34300,0,0.615,1,3263,1,11
34369,1,0.759,1,18850,9,18
34451,1,0.543,1,49473,21,161
34500,0,0.608,1,3704,103,12
34517,1,0.564,1,18527,6,37
34545,1,0.658,1,88315,30,1267
34598,1,0.626,1,1268,4,5
34612,0,0.51,1,45852.23,7,350
34643,1,0.558,1,2399,1,10
34680,0,0.621,1,69528,134,290
34702,0,0.551,1,45634,75,148
34721,0,0.604,1,317,1,5
34727,1,0.536,1,465,1,5
34762,1,0.577,1,90,3,5
34768,1,0.636,1,4201,5,7
34802,0,0.559,1,16332,31,32
34827,1,0.593,1,38418,26,105
34855,1,0.625,1,2799,3,11
34858,1,0.553,1,24750,1050,75
34871,1,0.573,1,53478,14,210
34880,0,0.579,1,34516,39,60
34888,0,0.722,1,2688,4,6
34920,1,0.65,1,4289,6,12
34926,1,0.655,1,7197,3,14
34953,0,0.591,1,4798,2,12
34957,1,0.537,1,43918,42,132
34975,0,0.562,1,97024,211,1693
35098,0,0.636,1,6618,6,9
35119,1,0.515,1,34584.97,32,326
35162,1,0.658,1,1622,1,6
35170,0,0.668,1,816,1,6
35184,1,0.726,1,3110,4,6
35194,0,0.692,1,30773,32,129
35199,1,0.503,1,988,20,9
35219,1,0.704,1,1634,19,6
35222,1,0.564,1,8881.33,34,9
35235,1,0.55,1,27209,9,65
35300,0,0.566,1,68561.5,189,280
35319,0,0.519,1,2880,4,6
35327,1,0.754,1,8476,24,9
35331,0,0.618,1,35872.42,15,111
35367,1,0.6,1,5699,7,8
35433,0,0.581,1,33083,28,96
35437,1,0.563,1,5894,2,13
35440,1,0.518,1,27799,40,54
35473,1,0.613,1,2400,2,11
35479,0,0.523,1,28243.57,21,58
35497,0,0.533,1,510,1,5
35541,0,0.608,1,2425,4,6
35548,0,0.547,1,4810,1,12
35572,0,0.59,1,24095,70,53
35634,0,0.55,1,55249,24,236
35706,1,0.673,1,2029,2,6
35787,1,0.722,1,4288,11,7
35802,1,0.708,1,1060,9,6
35809,1,0.615,1,47765.25,53,195
35850,0,0.51,1,20,1,5
35884,1,0.574,1,1502,3,6
35892,1,0.679,1,2444,2,6
35899,1,0.539,1,140,2,5
35902,1,0.752,1,10886,14,11
35910,1,0.521,1,19299,16,31
36036,0,0.609,1,1747,3,10
36046,1,0.8,1,18702,28,18
36161,1,0.534,1,31459,86,148
36172,1,0.69,1,1054,18,6
36215,1,0.513,1,410,1,6
36235,1,0.763,1,18205,12,17
36309,1,0.51,1,401,5,14
36383,1,0.506,1,496,2,5
36418,0,0.645,1,836,2,6
36428,1,0.654,1,1104,2,6
36444,1,0.763,1,4430,112,7
36483,1,0.609,1,1386,1,5
36496,1,0.516,1,453,1,6
36566,0,0.631,1,704,1,5
36582,1,0.64,1,3121,6,11
36650,1,0.552,1,16119,89,25
36654,1,0.618,1,23434,54,51
36681,1,0.623,1,203,1,5
36710,1,0.668,1,624,2,5
36711,0,0.645,1,53788,22,269
36722,1,0.717,1,2618,3,6
36748,1,0.551,1,640,25,6
36757,0,0.568,1,42650,83,102
36896,0,0.613,1,67592,96,255
36913,1,0.575,1,1100,2,5
36918,0,0.676,1,2208,2,6
36952,1,0.564,1,25205,73,45
36955,1,0.513,1,49097,12,186
36975,1,0.679,1,884,2,6
37090,1,0.712,1,27372,14,30
37109,1,0.744,1,5303,5,7
37158,1,0.571,1,24016,29,53
37160,0,0.618,1,13397,9,21
37188,1,0.55,1,22712,46,38
37238,0,0.729,1,3120,5,6
37258,1,0.568,1,1104,4,6
37290,1,0.645,1,3368,12,6
37313,1,0.607,1,38671,74,139
37358,0,0.526,1,10690.77,4,11
37390,0,0.69,1,3171,79,11
37392,1,0.561,1,80682,97,705
37430,1,0.564,1,15465,43,30
37432,1,0.609,1,284,2,5
37451,0,0.688,1,3328,2,7
37454,1,0.501,1,401,5,6
37467,1,0.579,1,55,1,5
37471,1,0.563,1,27803,16,67
37497,1,0.63,1,441.6,3,5
37550,0,0.545,1,56,1,5
37573,0,0.524,1,7377,14,9
37599,1,0.681,1,832,16,6
37627,0,0.532,1,42882,21,225
37631,0,0.642,1,5758,2,13
37654,1,0.768,1,14744,23,14
37702,0,0.51,1,27955.89,322,53
37704,1,0.724,1,2900,4,6
37787,0,0.701,1,7217,7,15
37801,0,0.507,1,13527,15,21
37839,1,0.563,1,55477,57,519
37861,0,0.75,1,6598,5,8
37865,0,0.533,1,39949,436,264
37888,1,0.533,1,12540,46,12
37902,1,0.659,1,8004,3,15
37966,0,0.577,1,20920,28,40
38029,0,0.52,1,774,4,6
38034,1,0.618,1,1800,1,6
38055,1,0.697,1,40144,82,121
38070,0,0.635,1,810,1,6
38080,0,0.607,1,216,3,5
38093,1,0.837,1,55637,130,411
38100,1,0.573,1,80935,41,635
38113,0,0.646,1,49562,135,203
38121,1,0.646,1,1134,1,6
38131,0,0.643,1,1021,1,6
38153,1,0.686,1,14271.28,37,28
38181,0,0.544,1,13290,1871,35
38187,1,0.638,1,319,1,5
38235,1,0.522,1,4953,3,12
38313,1,0.533,1,23204.5,50,22
38335,0,0.522,1,22436,13,38
38368,0,0.512,1,16508,3,32
38394,1,0.74,1,3542,42,7
38410,1,0.686,1,1758,6,6
38415,1,0.667,1,8043,5,15
38431,1,0.589,1,28958,4,56
38452,0,0.642,1,40938,336,161
38490,1,0.709,1,7913,83,8
38494,1,0.68,1,767,3,5
38539,0,0.622,1,345,3,5
38559,0,0.509,1,372,1,6
38584,1,0.583,1,36570.78,68,200
38617,1,0.562,1,48784,147,178
38637,0,0.653,1,5716,4,13
38688,0,0.554,1,598,2,5
38701,1,0.522,1,1612,12,21
38796,0,0.575,1,1007,1,10
38827,0,0.653,1,510,1,5
38836,1,0.682,1,23829,3,24
38838,0,0.598,1,96,1,5
38845,1,0.616,1,453,1,5
38846,0,0.514,1,323,2,6
38867,0,0.667,1,781,1,6
38886,1,0.822,1,58806.8,112,257
38924,0,0.64,1,336,1,5
38931,0,0.674,1,973,1,6
38944,0,0.538,1,476,12,5
38948,1,0.543,1,14032.5,58,14
38964,1,0.601,1,3010,1,6
38984,0,0.503,1,71092,25,304
39002,0,0.529,1,8066,15,9
39016,0,0.637,1,11455,4,23
39017,0,0.526,1,347,1,5
39036,0,0.549,1,12695,2,19
39037,1,0.641,1,6697,23,8
39098,0,0.529,1,2879,1,10
39099,0,0.507,1,4065.88,1,7
39101,0,0.559,1,16841.11,259,15
39113,0,0.699,1,3932,3,7
39137,1,0.652,1,7210,35,8
39141,0,0.67,1,14845,15,29
39145,1,0.671,1,1363,4,6
39150,1,0.715,1,3163,12,6
39158,1,0.757,1,2696,177,6
39181,0,0.527,1,276,2,5
39187,1,0.696,1,4262,2,7
39189,0,0.552,1,41622,42,96
39214,1,0.503,1,868,1,6
39275,0,0.581,1,44,2,5
39300,1,0.649,1,12452,12,11
39306,0,0.61,1,59397,21,148
39312,1,0.598,1,24661.01,98,55
39316,1,0.637,1,71701,48,882
39347,0,0.608,1,2067.19,2,10
39372,1,0.739,1,1852,22,6
39392,0,0.568,1,2394,6,6
39464,0,0.503,1,5142.72,44,9
39485,0,0.604,1,1068,6,10
39492,0,0.502,1,3975.65,7,7
39497,0,0.712,1,2686,2,6
39540,0,0.621,1,1425,1,10
39546,0,0.612,1,840,2,10
39552,1,0.507,1,56,2,5
39557,1,0.668,1,1090,5,6
39700,0,0.645,1,1100,1,6
39721,0,0.657,1,6496,4,14
39726,0,0.632,1,4482,238,13
39772,1,0.539,1,2970,2,10
39793,1,0.713,1,4423,6,7
39809,0,0.604,1,1195.65,1,5
39811,0,0.67,1,660,2,5
39832,0,0.571,1,6008,3,13
39835,1,0.547,1,231,1,5
39840,0,0.697,1,1338,3,6
39889,0,0.577,1,17088.11,22,29
39964,1,0.571,1,15631,34,28
39976,1,0.647,1,6644,2,14
39989,0,0.5,1,74,6,5
40068,0,0.527,1,60704,7,338
40084,0,0.572,1,13284,235,13
40092,0,0.692,1,5237,66,7
40106,0,0.586,1,18716,4,65
40161,1,0.691,1,1726,1,6
40199,1,0.72,1,21228,6,20
40236,0,0.532,1,704,1,6
40264,1,0.582,1,1637,4,6
40269,1,0.69,1,1598,9,6
40288,0,0.69,1,14219.41,7,23
40298,1,0.76,1,9764.14,27,10
40299,1,0.626,1,888,41,5
40302,0,0.576,1,382,1,9
40326,1,0.829,1,69458,49,1026
40365,1,0.667,1,1212,4,6
40412,1,0.58,1,1056,3,5
40441,0,0.702,1,7530,7,15
40482,0,0.582,1,3702,2,11
40483,0,0.602,1,1368,6,5
40495,0,0.702,1,1912,2,6
40527,0,0.603,1,1463.79,3,10
40564,1,0.507,1,4111.25,1,7
40636,1,0.721,1,999,21,6
40642,1,0.58,1,4497,1,11
40646,1,0.644,1,4939,6,7
40678,0,0.68,1,2117,3,6
40750,0,0.69,1,1268,2,6
40781,0,0.684,1,600,6,5
40799,0,0.553,1,18500,1,28
40829,1,0.628,1,6825,1,8
40872,0,0.584,1,4860,9,12
40912,1,0.652,1,15743,7,24
40929,1,0.548,1,30404,6,95
40946,0,0.518,1,479,1,6
41019,1,0.516,1,13628,23,21
41274,0,0.725,1,3064,4,6
41607,1,0.542,1,5542,2,14
41634,0,0.63,1,14101,15,22
41915,1,0.727,1,5634,9,8
42065,1,0.63,1,16759,157,32
42136,1,0.645,1,7412,43,10
42214,1,0.576,1,140,1,5
42365,1,0.603,1,1778,2,10
42405,1,0.627,1,634,1,5
42443,1,0.557,1,16562,28,32
42466,1,0.613,1,68710,16,723
42513,0,0.637,1,239,2,5
42562,1,0.562,1,7147,44,8
42769,1,0.711,1,4553,5,7
42771,1,0.516,1,16013,4,31
42816,0,0.658,1,450,2,5
43009,0,0.561,1,58590,54,242
43243,0,0.699,1,4656,2,7
43293,1,0.625,1,11085,2,23
43350,1,0.55,1,99642,64,5131
43420,1,0.507,1,352,1,6
43427,1,0.6,1,101,1,5
43608,0,0.579,1,5758,2,8
43610,1,0.628,1,5184,2,7
43639,0,0.526,1,1414.88,23,6
43649,1,0.527,1,200,2,9
43720,0,0.667,1,437,4,5
43763,1,0.7,1,17288.66,100,15
43878,1,0.694,1,3675,15,11
43894,1,0.68,1,9598,2,9
43901,1,0.52,1,107,1,5
43944,0,0.533,1,43511,132,102
43982,0,0.522,1,315,1,5
44095,1,0.517,1,3700.75,16,7
44159,1,0.508,1,150,1,9
44241,1,0.501,1,1772,1,4
44270,0,0.526,1,12057,44,19
44284,0,0.516,1,2582,2,11
44380,0,0.714,1,18661,521,65
44389,0,0.502,1,33648,51,53
44508,0,0.57,1,1237,1,5
44619,0,0.504,1,1882,2,11
44622,0,0.72,1,2536,4,6
44668,1,0.681,1,1658,5,6
44709,0,0.509,1,27840,58,64
44731,1,0.724,1,23018,36,23
44741,1,0.786,1,29670,25,37
44797,1,0.53,1,797,34,10
44823,1,0.518,1,480,1,6
44960,0,0.546,1,15607,70,24
45008,0,0.595,1,9451,5,16
45113,0,0.631,1,345,5,5
45319,0,0.598,1,263,1,5
45321,1,0.523,1,321,1,5
45326,1,0.628,1,86680.01,247,3729
45404,1,0.599,1,1040,1,5
45460,1,0.71,1,13688,4,22
45669,1,0.636,1,453,23,9
45769,1,0.538,1,62331,25,448
45813,1,0.555,1,46797,87,160
45821,0,0.531,1,7843.01,9,9
45853,0,0.509,1,8808.25,5,10
45899,1,0.636,1,84248,11,968
45941,0,0.528,1,3808.75,1,5
45959,1,0.738,1,14367,129,28
46002,0,0.523,1,12833,34,20
46042,0,0.541,1,32419.76,6,42
46083,1,0.533,1,20994,6,43
46286,0,0.634,1,56037,62,312
46328,1,0.504,1,1425,1,9
46511,0,0.544,1,27034,135,51
46547,1,0.795,1,11946,39,12
46557,1,0.517,1,25050,97,53
46713,0,0.539,1,13837.88,5,13
46807,0,0.559,1,43870,10,111
46867,1,0.533,1,725,1,6
46944,1,0.55,1,19902,15,40
47138,0,0.648,1,25661,4,92
47544,0,0.535,1,3422,1,11
47551,1,0.532,1,7298,20,9
47598,1,0.638,1,314,1,5
47722,1,0.516,1,958,2,6
47767,0,0.508,1,58786,133,281
47836,1,0.716,1,3072,2,6
47853,1,0.588,1,70,1,5
47988,0,0.608,1,276,2,5
48054,0,0.504,1,5698.29,4,8
48066,1,0.641,1,24868,10,44
48072,0,0.561,1,4765,4,11
48165,1,0.595,1,58979.25,9,484
48167,1,0.52,1,1690,2,10
48212,0,0.616,1,49993,21,166
48331,0,0.557,1,1538,22,9
48335,0,0.561,1,3684,12,12
48341,0,0.665,1,13650,2,27
48374,0,0.644,1,378,1,5
48396,1,0.534,1,580,2,6
48579,0,0.516,1,2175,3,11
48638,0,0.511,1,32481,81,49
48866,1,0.512,1,2299,5,6
48949,0,0.515,1,72030,42,324
49042,0,0.508,1,4724.93,7,7
49245,0,0.509,1,204,4,6
49307,1,0.516,1,1518,2,9
49566,0,0.523,1,5838,19,8
49570,0,0.596,1,10560,23,11
49614,1,0.626,1,87184,21,2458
49791,0,0.688,1,35059.94,32,117
49820,1,0.708,1,17640,2,29
50036,1,0.719,1,6804,4,8
50092,0,0.541,1,406,2,5
50168,1,0.592,1,18370.01,13,13
50217,0,0.674,1,989,1,6
50218,1,0.669,1,11694,5,11
50220,1,0.742,1,5512,4,8
50255,1,0.545,1,35064.29,40,92
50262,1,0.553,1,57400,33,589
50336,0,0.591,1,8114.58,2,9
50358,0,0.658,1,60800,201,163
50401,0,0.612,1,255,3,5
50434,1,0.685,1,1102,13,6
50450,1,0.515,1,10632.9,14,18
50459,1,0.6,1,2090,1,10
50476,0,0.52,1,54467,14,266
50487,1,0.824,1,52269,52,329
50526,0,0.506,1,14020,14,22
50539,1,0.724,1,1078,22,6
50581,0,0.58,1,1793,3,6
50617,1,0.709,1,1752,4,6
50735,1,0.659,1,474,2,5
50780,1,0.618,1,3775,6,7
50786,0,0.531,1,444,3,6
50835,0,0.573,1,27442.25,75,59
50885,0,0.67,1,27424,12,103
50892,1,0.585,1,10311,11,67
51056,1,0.625,1,1640,1,10
51090,1,0.693,1,9991,19,21
51098,1,0.58,1,32445,45,52
51330,1,0.535,1,2145,3,10
51382,1,0.527,1,17860,6,35
51456,1,0.679,1,4893,7,7
51488,0,0.543,1,4639,3,13
51549,1,0.519,1,24562,10,43
51562,1,0.765,1,8639,9,9
51579,1,0.515,1,3020,130,5
51691,1,0.781,1,44797,128,339
51722,1,0.718,1,6472,4,8
51914,0,0.536,1,13532,56,21
51918,0,0.542,1,14687.8,17,28
51923,1,0.514,1,20040.26,24,34
51924,1,0.534,1,1186,1,9
52008,1,0.607,1,96,2,5
52041,1,0.58,1,599,1,5
52082,1,0.599,1,1600,2,10
52108,1,0.507,1,10923,17,11
52384,0,0.653,1,5250,1,7
52424,0,0.72,1,2496,4,6
52486,1,0.667,1,1000,50,5
52511,1,0.549,1,763,27,20
52577,0,0.78,1,16974,8,16
52765,1,0.599,1,92308,68,1560
52808,1,0.542,1,22297,34,37
53021,0,0.503,1,13461,13,21
53056,1,0.721,1,4401,10,7
53204,1,0.663,1,11086,2,19
53241,0,0.722,1,5937,6,8
53251,1,0.597,1,3582,7,6
53344,0,0.657,1,12000,1,20
53569,1,0.501,1,4705,10,7
53587,1,0.831,1,63711.77,27,501
53635,0,0.539,1,6206,5,13
53636,1,0.64,1,2268,18,6
53689,1,0.818,1,98829,11,7176
53864,1,0.559,1,2433,1,10
53916,1,0.524,1,10095,4,10
53949,0,0.521,1,10694.56,3,11
54069,0,0.581,1,1080,3,5
54099,0,0.597,1,255,1,5
54103,0,0.651,1,37001.25,69,120
54114,0,0.519,1,286,1,5
54139,1,0.747,1,7929,3,9
54186,0,0.591,1,67885.06,418,1048
54222,0,0.506,1,3500,1,24
54235,1,0.674,1,9033,6,16
54251,1,0.514,1,633,7,20
54278,0,0.582,1,20986,141,56
54279,1,0.741,1,13325,5,13
54431,1,0.66,1,42913,331,131
54432,1,0.524,1,23150,3,50
54535,0,0.542,1,2599,1,7
54556,0,0.657,1,12000,1,20
54681,1,0.5,1,10835,13,11
54689,1,0.688,1,1184,2,6
54767,1,0.614,1,1787,7,6
54792,1,0.649,1,453,1,5
54808,1,0.704,1,12268,6,11
54859,0,0.57,1,43299,4,134
54934,1,0.52,1,33844,2,57
55023,1,0.85,1,44307,112,194
55143,1,0.674,1,756,2,5
55191,1,0.51,1,24358,35,43
55251,0,0.619,1,2865,2,11
55429,1,0.781,1,44985,124,192
55667,1,0.519,1,9,1,5
55738,1,0.729,1,4780,2,7
55758,1,0.518,1,18560,15,29
55792,0,0.518,1,3781.25,5,5
55804,0,0.68,1,67223.77,49,632
55885,1,0.514,1,6817,186,7
55887,1,0.576,1,35612,32,64
55889,1,0.518,1,16015,19,25
56047,1,0.626,1,599,1,5
56088,0,0.561,1,1248,2,6
56277,1,0.657,1,312,4,5
56281,1,0.526,1,4497,1,13
56362,0,0.516,1,22592.45,51,38
56386,0,0.519,1,1177,7,15
56387,1,0.555,1,20,2,5
56391,1,0.709,1,3104,1,6
56407,0,0.571,1,207,3,9
56451,1,0.601,1,604,2,9
56805,1,0.541,1,552,8,9
56809,1,0.571,1,119,1,5
56812,1,0.522,1,32921,80,89
56917,0,0.543,1,2092.75,44,4
57232,1,0.545,1,5720,39,26
57234,1,0.595,1,49700,59,354
57262,0,0.597,1,5758,2,12
57289,1,0.507,1,2372,10,11
57429,0,0.549,1,55628,23,242
57491,1,0.653,1,1079,2,6
57512,0,0.534,1,3378,6,24
57612,1,0.592,1,16861.06,1024,27
57827,1,0.652,1,48433,37,189
57834,0,0.507,1,450,30,10
58030,1,0.557,1,648,2,5
58163,1,0.779,1,21784,25,22
58191,0,0.513,1,49230,45,149
58247,0,0.579,1,81244,2851,1026
58265,1,0.678,1,3104,1,6
58291,0,0.505,1,25673,25,47
58359,0,0.534,1,44969,16,119
58409,0,0.604,1,5857,3,13
58518,0,0.757,1,8994,26,9
58712,1,0.561,1,5481,2,12
58850,0,0.652,1,488,1,5
59006,1,0.705,1,52013,28,526
59215,1,0.554,1,26,1,5
59338,1,0.558,1,867,1,5
59358,1,0.705,1,512,26,5
59439,1,0.701,1,14204,22,13
59448,1,0.616,1,1659,9,6
59516,0,0.643,1,63596,76,515
59607,1,0.686,1,1100,2,6
59666,1,0.616,1,1687,5,10
59734,1,0.739,1,59803,52,1186
59812,1,0.54,1,5826.73,3,28
59831,1,0.593,1,1083,3,10
60047,0,0.61,1,75013,157,496
60117,1,0.699,1,59118,51,426
60169,1,0.63,1,4000,2,12
60182,1,0.506,1,13744,14,21
60201,1,0.547,1,1080,1,6
60333,0,0.526,1,15128,714,40
60354,1,0.583,1,129,2,5
60435,1,0.696,1,9706,3,17
60477,1,0.618,1,364,2,5
60511,0,0.7,1,56469.92,12,226
60640,1,0.7,1,9732,4,17
60701,1,0.556,1,60,2,5
60750,1,0.552,1,36821,51,70
60769,0,0.513,1,174,1,9
60789,0,0.714,1,52110,45,529
60847,0,0.551,1,48422.47,43,415
60862,1,0.674,1,748,2,5
60884,0,0.642,1,73412,70,375
60894,0,0.583,1,7392,7,6
60904,0,0.538,1,375,2,5
61107,0,0.598,1,17316.81,57,16
61239,0,0.561,1,3500,1,17
61252,0,0.51,1,2271.5,1,4
61254,0,0.555,1,41866.34,250,48
61278,0,0.657,1,12000,1,20
61413,0,0.587,1,17962.5,33,17
61421,1,0.603,1,31698,81,87
61433,0,0.594,1,237,1,5
61489,0,0.501,1,2100,175,6
61523,0,0.6,1,7542,419,9
61529,0,0.608,1,40771.26,7,153
61708,1,0.614,1,1624,1,5
61735,1,0.577,1,7367,8,16
61786,1,0.596,1,19461,12,30
61863,0,0.613,1,21793,4,35
61927,1,0.829,1,42957,63,90
62100,1,0.568,1,11622.89,5,11
62103,0,0.52,1,40403,10,88
62105,1,0.566,1,1103,1,5
62140,1,0.66,1,2313,5,10
62271,0,0.636,1,4800,2,12
62367,1,0.506,1,497,2,5
62457,1,0.738,1,15216,3,14
62492,1,0.524,1,1660.24,16,6
62705,0,0.507,1,23581,8,88
62806,1,0.557,1,24642,32,21
63077,0,0.698,1,42130,27,273
63104,1,0.502,1,58232,37,333
63211,1,0.589,1,15229,60,11
63219,1,0.635,1,614,2,5
63322,1,0.54,1,37947.28,9,219
63340,1,0.638,1,880,1,6
63342,1,0.704,1,69037.5,25,1112
63422,1,0.663,1,1893.38,1,6
63503,0,0.575,1,5039.39,9,5
63652,1,0.685,1,25462,45,35
63666,1,0.523,1,22187,14,37
63738,1,0.617,1,2257,3,10
63772,0,0.597,1,5710,6,8
63784,0,0.527,1,91160,311,1121
63790,0,0.59,1,36687,36,122
63813,1,0.758,1,4616,16,7
63901,0,0.517,1,2214,3,11
63913,0,0.65,1,3514,1,11
63970,1,0.688,1,97110.95,115,2269
64000,0,0.581,1,6048,2,8
64001,0,0.545,1,5680,8,12
64013,1,0.655,1,4864,11,7
64052,1,0.704,1,7414,1,9
64053,0,0.604,1,4371,2,7
64096,1,0.752,1,5532,8,8
64165,0,0.502,1,12320,14,19
64234,1,0.633,1,2841,1,6
64239,0,0.641,1,1998,2,10
64241,1,0.6,1,5916,34,14
64529,0,0.527,1,44886,26,141
64543,1,0.605,1,1882,2,10
64576,1,0.852,1,49491,2503,471
64580,0,0.712,1,7392,2,9
64682,0,0.6,1,15131,12,51
64686,0,0.517,1,69,1,9
64759,1,0.658,1,4497,1,12
64794,1,0.568,1,1099,4,6
64876,0,0.688,1,993,3,6
64923,0,0.549,1,21900,1100,62
64970,0,0.578,1,40516,28,89
64979,1,0.611,1,382,1,5
64984,0,0.645,1,390,1,5
64986,1,0.507,1,53,1,9
65110,0,0.64,1,1043,7,10
65125,0,0.583,1,463,15,5
65139,0,0.563,1,3358,6,11
65150,1,0.781,1,11356,17,11
65322,0,0.705,1,2736,1,6
65345,1,0.648,1,924,2,6
65433,1,0.553,1,64147,56,192
65482,1,0.721,1,5236.88,7,7
65530,1,0.547,1,60,1,5
65570,0,0.652,1,37203,57,90
65596,1,0.686,1,3088,2,6
65612,0,0.734,1,29615,25,64
65672,0,0.589,1,99445,4,4564
65709,0,0.585,1,499,1,9
65719,0,0.544,1,35516,4,112
65768,1,0.718,1,35178,13,51
65816,0,0.733,1,10311,43,10
65829,0,0.656,1,5671,5,13
65845,1,0.513,1,2338,4,22
65847,0,0.542,1,18,1,5
65859,0,0.533,1,37997,26,163
65891,1,0.587,1,12951,588,20
65911,1,0.582,1,3702,2,11
65944,0,0.545,1,18707,13,37
65953,0,0.535,1,49632,19,352
65965,0,0.501,1,44152,8,134
65966,0,0.712,1,9479,1,10
65968,0,0.512,1,14592,2,26
66060,1,0.61,1,243,3,5
66141,1,0.586,1,15436,2,11
66240,1,0.517,1,2666,2,11
66253,1,0.706,1,1584,4,6
66271,0,0.657,1,12000,1,20
66535,1,0.615,1,1652,1,6
66639,1,0.646,1,410,1,5
66733,0,0.577,1,5392,2,8
66860,0,0.588,1,31046,69,47
66905,0,0.548,1,356,2,9
66918,0,0.61,1,2160,2,10
67024,1,0.532,1,13088,49,20
67027,1,0.629,1,9448,5,16
67050,0,0.642,1,4622,6,7
67059,0,0.525,1,3678,166,18
67113,0,0.589,1,37505.18,97,114
67123,1,0.67,1,1836,2,6
67286,1,0.599,1,568,2,9
67297,0,0.539,1,510,1,5
67346,0,0.67,1,6266,16,7
67431,1,0.693,1,1842,1,6
67519,1,0.777,1,8412,20,9
67521,1,0.597,1,92506,28,1329
67574,1,0.797,1,37571,97,117
67632,1,0.51,1,23276,5,31
67743,0,0.814,1,31961,50,86
67842,0,0.569,1,5805,3,12
67876,0,0.722,1,50914,1,518
67896,0,0.603,1,23859,14,50
67995,0,0.579,1,1158,1,10
68158,1,0.54,1,2496,3,10
68225,0,0.62,1,510,1,5
68349,1,0.76,1,5328,14,7
68363,1,0.835,1,85505,187,2002
68368,0,0.53,1,49830,15,357
68385,0,0.712,1,90600,6,6066
68402,0,0.564,1,35,1,5
68478,0,0.555,1,91550,5,2705
68502,0,0.644,1,2032,15,10
68565,1,0.622,1,942,3,10
68612,0,0.628,1,33225,7,148
68668,1,0.708,1,2302,2,6
68715,1,0.613,1,1209,2,5
68721,0,0.528,1,6509.34,18,10
68776,1,0.656,1,550,1,5
68777,1,0.638,1,322,1,5
68792,0,0.563,1,38605,15,78
68891,1,0.529,1,791,3,5
68971,0,0.505,1,1439,1,9
69064,1,0.776,1,11051,12,11
69117,1,0.517,1,11051,5,11
69145,1,0.504,1,847,9,10
69199,1,0.612,1,396,1,5
69272,1,0.517,1,194,1,9
69392,0,0.525,1,3566,12,12
69411,0,0.614,1,21297.43,30,16
69495,0,0.724,1,53760,8,239
69522,0,0.524,1,63456,13,482
69564,0,0.569,1,4579,8,18
69602,1,0.64,1,336,1,5
69632,1,0.647,1,231,4,5
69736,1,0.653,1,1064,2,6
69749,1,0.515,1,117,3,9
69760,1,0.755,1,19796,6,19
70002,1,0.787,1,20728,9,21
70128,1,0.626,1,4838,6,8
70218,0,0.578,1,32544,25,92
70394,0,0.57,1,16913,48,33
70416,0,0.701,1,19154,2,18
70471,1,0.514,1,28331,33,56
70485,0,0.675,1,768,2,5
70550,0,0.6,1,3186,3,7
70562,1,0.715,1,3520,10,7
70634,0,0.598,1,49824,13,207
70635,0,0.524,1,1576,1,6
70697,0,0.608,1,59929,19,154
70730,1,0.519,1,485,1,6
70778,0,0.611,1,4079,1,6
70806,1,0.659,1,4538,119,18
70869,0,0.723,1,2088,7,6
70950,0,0.668,1,65664,297,225
71070,0,0.531,1,3892,4,24
71268,1,0.528,1,8676.1,13,10
71277,0,0.55,1,37504,45,73
71291,0,0.751,1,11082,2,11
71341,0,0.561,1,32586.13,6,57
71392,0,0.545,1,780,2,6
71416,0,0.55,1,15625.5,7,15
71425,0,0.541,1,20821.5,9,42
71434,1,0.598,1,2107,6,6
71484,1,0.745,1,26703,18,104
71593,0,0.63,1,695.75,1,5
71641,0,0.801,1,32637.95,19,90
71649,1,0.739,1,6970,2,8
71653,0,0.679,1,10614,196,38
71798,1,0.641,1,973,1,6
71851,0,0.549,1,49747,27,164
71864,0,0.581,1,51771.14,48,223
71896,1,0.616,1,7196,4,14
71937,1,0.526,1,190,2,9
71943,0,0.612,1,50914,1,477
71981,1,0.602,1,1525,5,5
72046,1,0.617,1,3070,3,6
72058,1,0.749,1,25102,42,41
72127,0,0.511,1,11976,22,19
72161,1,0.557,1,840,1,5
72185,0,0.657,1,12000,1,20
72189,1,0.721,1,3040.46,3,6
72265,0,0.521,1,1736,2,10
72294,1,0.524,1,3858,10,22
72308,1,0.651,1,828,3,6
72311,0,0.836,1,53965,54,262
72357,0,0.518,1,1144,4,9
72386,0,0.675,1,2770,1,6
72476,1,0.722,1,20341,29,42
72493,0,0.576,1,1059,1,10
72543,1,0.691,1,944,4,6
72642,0,0.589,1,100,5,5
72723,1,0.61,1,2879,1,11
72766,1,0.655,1,2556,18,11
72845,0,0.563,1,9799.66,135,17
72902,0,0.661,1,79675,25,673
72955,1,0.535,1,3422,1,11
72958,1,0.542,1,947,1,6
72968,1,0.659,1,11606,23,10
73017,1,0.71,1,3938,6,7
73020,1,0.644,1,36669,40,87
73090,1,0.522,1,12267.26,29,12
73097,1,0.624,1,2380,4,11
73164,0,0.613,1,65304,831,207
73190,1,0.629,1,240,1,5
73192,0,0.561,1,3024,16,12
73220,0,0.646,1,14366,24,87
73238,0,0.578,1,25894,135,47
73291,0,0.57,1,11880,4,41
73313,1,0.717,1,5647,5,8
73439,1,0.527,1,88976,58,2552
73440,1,0.704,1,27725,70,84
73482,0,0.511,1,41545.88,14,113
73507,0,0.604,1,2399,1,11
73622,0,0.592,1,21395,31,22
73724,0,0.616,1,34506,210,60
73729,1,0.514,1,55311,33,272
73737,0,0.517,1,12108,4,12
73972,1,0.623,1,556,1,5
74095,0,0.577,1,10989.01,82,11
74133,0,0.559,1,10755,5,17
74256,0,0.731,1,8420,6,9
74272,1,0.543,1,960,1,6
74306,0,0.624,1,16935.01,41,16
74307,1,0.702,1,17883,16,16
74405,0,0.72,1,2115,31,6
74418,0,0.714,1,4596,6,7
74474,0,0.516,1,1532,2,9
74516,1,0.663,1,6514,10,8
74518,0,0.574,1,3864,8,11
74550,1,0.742,1,7298,15,8
74615,1,0.577,1,37312,17,275
74817,0,0.592,1,3564,4,11
74848,1,0.511,1,2090,1,10
74934,1,0.533,1,2231,12,22
74948,1,0.693,1,2785,4,6
75031,1,0.528,1,10626,33,8
75174,0,0.594,1,42246.04,91,292
75180,1,0.604,1,1190,1,5
75183,0,0.701,1,24582,5,46
75275,1,0.605,1,49320,13,159
75277,1,0.537,1,479,1,5
75293,0,0.657,1,1008,3,6
75444,0,0.703,1,3109,6,6
75550,1,0.658,1,55582.93,196,303
75562,1,0.566,1,61057,8,346
75625,1,0.586,1,8640,864,10
75705,0,0.54,1,13278,69,20
75713,1,0.6,1,832,2,5
75720,0,0.53,1,1430,5,9
75765,0,0.598,1,72379,43,351
75783,0,0.516,1,24,1,5
75874,1,0.723,1,6169,6,8
75896,1,0.652,1,2858,2,11
76104,1,0.746,1,5182,6,7
76175,1,0.627,1,938,4,17
76229,0,0.512,1,3000,1,12
76328,1,0.512,1,24821,36,44
76352,0,0.568,1,880,2,5
76358,1,0.611,1,957,3,5
76419,0,0.713,1,1998,4,6
76429,0,0.635,1,4066,5,6
76449,0,0.555,1,4678,2,12
76550,1,0.643,1,4200,4,12
76613,0,0.563,1,62527,46,1480
76666,0,0.55,1,4798,2,11
76695,0,0.674,1,548,4,5
76709,0,0.524,1,16150,6,31
76796,0,0.522,1,852,1,9
76863,0,0.56,1,38392,8,136
76871,1,0.519,1,3895,5,5
76876,0,0.657,1,12000,1,20
76880,1,0.711,1,42840.55,14,162
76950,1,0.71,1,19578,16,71
77007,1,0.608,1,240,16,9
77063,0,0.516,1,16916,16,26
77066,1,0.795,1,4669.53,170,7
77196,0,0.634,1,4501,2,12
77220,1,0.519,1,13958,25,21
77256,1,0.51,1,12988,15,13
77286,0,0.689,1,11483,12,23
77298,1,0.509,1,166,2,5
77320,0,0.524,1,45591,31,378
77414,0,0.5,1,1278,1,9
77418,0,0.549,1,483,1,9
77515,0,0.515,1,196,2,5
77593,1,0.638,1,4273,3,12
77605,0,0.666,1,29156.56,208,71
77684,1,0.723,1,1827,9,6
77694,0,0.541,1,296,2,9
77723,1,0.646,1,1134,1,6
77746,0,0.657,1,12000,1,20
77800,1,0.749,1,7199,23,8
77889,1,0.7,1,6683,41,14
77930,0,0.677,1,17264,4,15
77976,0,0.546,1,806,2,6
78040,1,0.688,1,1203,2,6
78043,0,0.647,1,420,1,5
78050,0,0.673,1,16880,9,20
78091,0,0.792,1,90239,36,2739
78184,0,0.617,1,1764,1,6
78360,1,0.669,1,26833,16,97
78417,1,0.624,1,440,2,5
78423,1,0.525,1,2422,4,11
78458,1,0.621,1,921,3,10
78461,1,0.536,1,63287,30,466
78529,0,0.537,1,44360,19,115
78536,0,0.665,1,2014,1,6
78568,0,0.65,1,29150,100,26
78644,0,0.544,1,423,1,9
78696,1,0.5,1,7350,24,9
78878,1,0.511,1,13492,15,13
78959,0,0.505,1,16783.12,3,15
78961,0,0.722,1,6616.56,28,14
79007,1,0.578,1,23259,43,50
79029,0,0.554,1,30212,36,63
79036,0,0.526,1,347,1,5
79091,0,0.522,1,13142,32,20
79092,0,0.657,1,12000,1,20
79105,1,0.524,1,76796,57,444
79168,0,0.523,1,42066,33,299
79243,1,0.585,1,1366,1,10
79355,0,0.558,1,6624.75,77,8
79371,1,0.734,1,29990,2,71
79380,1,0.509,1,32570,5,159
79433,1,0.542,1,6070,6,12
79449,0,0.568,1,301,1,9
79506,0,0.64,1,9916,1,10
79571,1,0.603,1,7168,20,39
79671,1,0.542,1,400,1,9
79744,1,0.674,1,978,1,6
79832,1,0.707,1,2966,1,6
79857,0,0.656,1,94409,24,1898
79889,0,0.573,1,1316,21,6
79909,0,0.52,1,7400,1,14
79923,1,0.619,1,860,3,10
79925,1,0.564,1,564,4,5
79939,1,0.671,1,882,1,6
79995,0,0.523,1,1564,8,11
80008,1,0.614,1,154,1,5
80063,0,0.712,1,1904,4,6
80101,0,0.567,1,799,1,9
80231,0,0.584,1,64842.71,24,1230
80242,0,0.54,1,680,2,6
80365,0,0.603,1,55230,14,296
80369,0,0.643,1,1030,1,6
80380,1,0.521,1,84,2,5
80393,0,0.543,1,2240.46,116,6
80407,0,0.564,1,572,2,9
80449,1,0.638,1,67336,57,660
80505,0,0.501,1,63054,89,373
80554,0,0.688,1,16761,8,15
80643,1,0.699,1,14615,19,13
80667,0,0.533,1,31354,5,48
80687,1,0.621,1,1425,1,10
80699,1,0.582,1,1728,1,6
80735,0,0.603,1,2339,1,11
80752,0,0.532,1,294,1,9
80848,0,0.751,1,7560,24,9
80870,1,0.668,1,1224,4,6
80932,1,0.601,1,1232,7,5
81054,0,0.769,1,13333,30,13
81224,1,0.509,1,1621,1,9
81273,0,0.746,1,26731.81,19,104
81306,1,0.658,1,1263,2,6
81443,1,0.63,1,2270,6,10
81462,1,0.513,1,16591,282,50
81635,0,0.647,1,9552,85,16
81644,0,0.715,1,68352.32,48,594
81647,0,0.545,1,1086,5,14
81694,0,0.614,1,22131.84,13,81
81769,1,0.82,1,55369,35,404
81794,0,0.547,1,924,11,6
81802,1,0.563,1,638,3,5
81826,1,0.669,1,17600,1,29
81920,1,0.668,1,3346,4,11
81996,1,0.519,1,9982.5,18,17
82029,0,0.67,1,1323,4,6
82083,0,0.523,1,6608,16,8
82132,1,0.644,1,2879,1,11
82154,0,0.668,1,75138.72,627,715
82190,0,0.693,1,3838,2,7
82255,1,0.723,1,10920,2,11
82265,1,0.579,1,36200,36,67
82347,1,0.602,1,72086,44,1558
82375,1,0.697,1,9966,3,17
82439,1,0.643,1,3955,1,6
82446,1,0.75,1,10368,2,10
82465,0,0.508,1,28596,24,56
82525,1,0.587,1,1987,1,6
82568,0,0.604,1,16216.77,28,11
82585,0,0.55,1,138,2,9
82606,1,0.597,1,5758,2,12
82693,0,0.735,1,5616,15,8
82718,1,0.566,1,6720,16,13
82725,1,0.533,1,4656,6,11
82791,1,0.692,1,17191,13,15
82966,0,0.514,1,25636,84,55
82990,0,0.657,1,12000,1,20
83169,1,0.628,1,6675,164,29
83193,0,0.576,1,7167,13,30
83266,0,0.638,1,4548,5,7
83315,1,0.689,1,2814,3,6
83505,1,0.645,1,1074,1,6
83528,1,0.697,1,1350,3,6
83564,1,0.69,1,678,7,5
83579,1,0.666,1,33258,48,148
83583,1,0.677,1,4500,4,12
83614,0,0.651,1,2740,2,11
83675,1,0.591,1,1631.43,1,10
83719,1,0.694,1,1900,1,6
83722,1,0.533,1,506,1,5
83783,1,0.58,1,12533,1,19
83803,1,0.828,1,33152,28,93
83923,0,0.668,1,618,2,5
83996,1,0.562,1,740,2,5
84041,1,0.618,1,19120,8,14
84085,1,0.538,1,17099.26,43,26
84108,0,0.565,1,579,2,9
84110,0,0.519,1,1104,8,4
84163,1,0.699,1,1439,3,6
84201,0,0.585,1,695,1,5
84215,0,0.529,1,270,1,9
84258,1,0.701,1,67145.6,12,411
84272,1,0.508,1,18106,10,28
84275,1,0.595,1,86,1,5
84284,0,0.596,1,5796,12,12
84288,1,0.831,1,28752.2,211,69
84337,0,0.608,1,39729.27,8,53
84342,0,0.534,1,14286,12,28
84358,0,0.727,1,12480,2,12
84376,0,0.647,1,4432,1,7
84416,1,0.802,1,44288,39,98
84418,1,0.773,1,14977.1,32,14
84455,0,0.586,1,1940,1,6
84472,0,0.725,1,21303,1539,55
84533,1,0.693,1,85355.6,67,2099
84554,0,0.746,1,15979.95,5,15
84613,0,0.564,1,270,1,9
84616,0,0.583,1,16806,88,33
84635,0,0.512,1,12165,18,12
84648,0,0.633,1,5717,1,13
84667,0,0.613,1,409,1,5
84681,1,0.769,1,9612,244,17
84689,1,0.755,1,12480,320,21
84713,0,0.585,1,1919,1,6
84754,0,0.505,1,2429,9,11
84774,1,0.638,1,1838,2,10
84780,1,0.637,1,150,5,5
84836,1,0.522,1,28239.82,20,58
84861,0,0.824,1,56286,45,429
84866,0,0.676,1,4390,4,12
84873,0,0.651,1,13918,1,12
84888,0,0.576,1,1059,1,10
84901,1,0.643,1,4782,6,7
84911,0,0.552,1,6687.5,10,6
84940,0,0.595,1,14734,2,23
84968,0,0.585,1,858,3,10
85023,0,0.543,1,19756,56,68
85030,1,0.568,1,2452,6,7
85055,0,0.51,1,160,1,9
85071,0,0.573,1,744,2,9
85101,0,0.521,1,22708,64,38
85135,0,0.689,1,9328,2,17
85144,0,0.534,1,6584.11,14,8
85149,0,0.704,1,1690,3,6
85160,0,0.574,1,5716,4,12
85168,0,0.513,1,8894,4,32
85179,1,0.523,1,6141,2,12
85187,0,0.649,1,5114,4,13
85250,1,0.572,1,378,7,9
85311,0,0.581,1,9513.63,13,10
85314,0,0.62,1,510,1,5
85317,0,0.548,1,3120,14,41
85323,1,0.554,1,10800,16,11
85325,0,0.72,1,19793,7,18
85328,0,0.578,1,842.56,2,10
85349,1,0.808,1,66048,10,819
85356,0,0.538,1,378,2,5
85363,1,0.637,1,10748,6,17
85376,1,0.75,1,43941,19,320
85387,0,0.531,1,41728,129,91
85406,1,0.593,1,4344,4,6
85415,1,0.607,1,20092,42,40
85420,1,0.543,1,958,1,6
85429,0,0.609,1,25450,14,45
85440,0,0.826,1,96696,77,4201
85442,1,0.619,1,24077.66,18,26
85460,0,0.549,1,522,2,5
85500,0,0.662,1,9404,5,9
85561,1,0.664,1,8324,7,9
85577,0,0.554,1,3742,3,11
85584,0,0.512,1,1799,1,10
85590,1,0.713,1,23279,11,42
85609,1,0.663,1,11033,176,8
85615,1,0.858,1,76119,195,1138
85637,0,0.564,1,572,2,9
85639,1,0.627,1,1506,3,5
85640,1,0.786,1,8797,35,9
85656,1,0.786,1,19765,48,19
85698,0,0.634,1,216,2,5
85706,0,0.658,1,4497,1,12
85725,1,0.533,1,422,1,5
85738,1,0.765,1,31861,49,41
85767,0,0.613,1,2374,2,11
85795,0,0.637,1,4900.5,4,7
85796,1,0.691,1,7077,4,14
85834,0,0.5,1,8802,18,10
85841,1,0.669,1,26625.33,59,78
85844,1,0.737,1,10224,6,10
85879,0,0.676,1,2909,1,6
85889,0,0.563,1,94,1,5
85897,1,0.709,1,24519.88,8,82
85913,0,0.55,1,5026.54,12,12
85933,1,0.669,1,1493,3,6
85937,0,0.552,1,528,1,9
85942,0,0.64,1,3117.6,6,11
85944,0,0.731,1,6825,1,8
85956,0,0.537,1,12000,1,18
85974,0,0.647,1,422,1,5
85995,0,0.734,1,5818,2,8
85997,1,0.571,1,912,1,10
85999,1,0.727,1,12659,13,21
86001,1,0.572,1,724,2,9
86009,1,0.658,1,4766,2,7
86017,0,0.584,1,13800,1,21
86024,1,0.539,1,510,1,5
86055,0,0.521,1,16424,45,27
86058,1,0.659,1,6889,4,14
86109,0,0.626,1,217.35,1,5
86127,0,0.691,1,2348,5,6
86156,0,0.59,1,13187,20,9
86161,1,0.635,1,7442,17,39
86171,1,0.616,1,19474,4,31
86178,1,0.732,1,48598.25,17,123
86238,0,0.689,1,9850.2,12,17
86257,0,0.542,1,10778,17,11
86262,0,0.657,1,12000,1,20
86278,0,0.642,1,756,2,5
86295,0,0.702,1,5286,2,7
86308,1,0.658,1,26358,30,48
86309,0,0.573,1,2858,2,10
86362,1,0.604,1,110,9,5
86367,0,0.643,1,10738,1,10
86375,1,0.572,1,4807.97,5,12
86487,0,0.574,1,12575,206,41
86513,0,0.67,1,1296,4,6
86517,1,0.742,1,45466,35,100
86535,1,0.578,1,47569,22,142
86541,1,0.62,1,1235,3,5
86569,1,0.673,1,3970,4,12
86594,1,0.799,1,71138.41,76,970
86610,1,0.821,1,37258,14,122
86625,1,0.668,1,3917,3,12
86638,1,0.703,1,4470,3,7
86679,0,0.519,1,74449,599,1667
86690,1,0.672,1,1398.95,4,6
86731,1,0.614,1,4416,1,7
86745,1,0.737,1,22665,15,22
86770,1,0.597,1,2682,1,6
86794,1,0.76,1,91438,33,3764
86802,1,0.556,1,11299,4,31
86819,1,0.607,1,78,3,5
86833,1,0.752,1,17754.02,6,17
86870,0,0.602,1,5397,3,12
86879,1,0.761,1,84314.48,36,3231
86886,1,0.791,1,89779,48,6789
86898,0,0.573,1,1806,5,10
86904,1,0.563,1,20335,26,74
86906,1,0.617,1,3768,2,6
86946,1,0.507,1,740,2,6
86994,0,0.643,1,4301.57,4,12
87007,0,0.529,1,6757,3,6
87018,1,0.568,1,3122,106,12
87035,1,0.57,1,225,15,9
87050,1,0.853,1,29559,774,37
87051,1,0.525,1,2656,2,5
87052,0,0.58,1,593,1,5
87071,1,0.751,1,14624.25,8,14
87073,1,0.547,1,23196,40,71
87074,0,0.613,1,1013,3,5
87079,1,0.672,1,9305,12,9
87108,0,0.537,1,8426,20,9
87116,1,0.503,1,31586,22,149
87124,1,0.519,1,66799.78,4,751
87131,1,0.582,1,7197,4,24
87145,1,0.684,1,2900,2,6
87149,0,0.714,1,1625,6,6
87160,1,0.723,1,5755.04,7,8
87162,0,0.558,1,2399,1,10
87163,1,0.652,1,2066,7,6
87194,0,0.667,1,17708,2,16
87236,1,0.519,1,2013,2,9
87263,1,0.587,1,1425,1,10
87275,0,0.609,1,2118,2,10
87280,1,0.543,1,29224,112,59
87295,0,0.606,1,16647,25,25
87297,0,0.517,1,69,1,9
87322,1,0.549,1,2033,3,6
87432,1,0.519,1,2909,1,5
87475,0,0.716,1,3096,2,6
87502,1,0.637,1,7938,14,8
87503,0,0.527,1,3360,8,10
87508,1,0.509,1,3674,6,16
87512,1,0.569,1,3168,44,6
87533,1,0.646,1,2372,2,11
87557,1,0.672,1,934,1,6
87568,0,0.569,1,17984.37,14,17
87593,0,0.57,1,13652,3,46
87624,0,0.584,1,310,3,9
87662,1,0.58,1,42062,140,176
87699,1,0.746,1,32885,14,78
87700,1,0.557,1,2339,1,10
87703,1,0.74,1,7366,13,9
87742,1,0.622,1,1137,4,5
87759,0,0.641,1,4316,4,6
87783,0,0.709,1,6744,22,8
87801,0,0.564,1,572,2,9
87806,1,0.725,1,28476,44,111
87820,1,0.525,1,5925.37,1,28
87821,0,0.801,1,19429,28,19
87841,1,0.597,1,2567,4,7
87843,1,0.71,1,4851,4,7
87852,0,0.654,1,8459,2,16
87859,1,0.775,1,11132,11,11
87863,0,0.61,1,104,2,5
87908,1,0.53,1,396,1,5
87929,1,0.548,1,1799,1,10
87944,1,0.634,1,1338,3,10
87946,1,0.702,1,18290,9,30
87970,1,0.669,1,1288,4,6
87989,1,0.615,1,1272,2,5
87998,1,0.797,1,16749,27,16
88010,1,0.511,1,14253.26,2,14
88046,0,0.69,1,1656,1,6
88075,0,0.668,1,8255,5,16
88113,1,0.599,1,1144,4,10
88119,1,0.577,1,3583,8,43
88142,1,0.531,1,1341,1,5
88148,1,0.542,1,29273,48,70
88161,1,0.689,1,647,7,5
88170,1,0.525,1,1103,1,5
88175,0,0.544,1,2127,7,10
88248,0,0.611,1,1430,5,10
88249,1,0.629,1,651,9,9
88261,1,0.609,1,132,1,5
88275,1,0.501,1,40012,24,42
88284,1,0.601,1,5328,3,12
88315,1,0.661,1,68188,1285,660
88342,1,0.665,1,50712,24,471
88363,0,0.579,1,1139,1,10
88401,1,0.505,1,28708,21,57
88406,1,0.526,1,19003,21,30
88474,1,0.747,1,45291,27,181
88566,0,0.727,1,12648,2,12
88585,1,0.653,1,5209.4,5,13
88598,0,0.712,1,34135,13,46
88612,1,0.537,1,34248,3,103
88657,1,0.503,1,8204,23,9
88666,1,0.638,1,2399,1,11
88691,0,0.692,1,1342,2,6
88709,1,0.632,1,725,1,5
88721,0,0.597,1,4657,3,12
88726,1,0.669,1,3328,8,6
88729,1,0.661,1,654,1,5
88731,1,0.529,1,1879,13,21
88789,0,0.65,1,465,1,5
88798,0,0.503,1,670,5,9
88803,1,0.709,1,10934,10,10
88816,1,0.607,1,532,7,5
88836,1,0.509,1,1930.5,6,6
88858,0,0.717,1,12593,7,21
88866,0,0.55,1,1915,1,10
88869,1,0.674,1,14780,33,13
88878,1,0.667,1,7065,11,8
88889,1,0.73,1,26706,13,57
88975,1,0.66,1,79202,9,3107
88985,1,0.519,1,203.3,1,9
88988,0,0.616,1,17583,5,27
89056,0,0.523,1,5416.6,20,9
89059,1,0.713,1,23327,19,23
89141,0,0.605,1,117,1,5
89166,0,0.677,1,18842,26,17
89168,1,0.659,1,3527,13,11
89234,1,0.513,1,239,1,5
89241,1,0.647,1,19769,20,31
89252,1,0.715,1,2153,4,6
89287,1,0.6,1,250,10,9
89296,1,0.518,1,3832,4,11
89297,0,0.598,1,1532,2,10
89305,0,0.504,1,187,1,5
89337,1,0.733,1,15436,2,15
89370,1,0.637,1,2339,1,11
89376,1,0.678,1,28572,17,111
89380,0,0.678,1,18946,28,17
89386,1,0.739,1,15870,3,15
89391,1,0.658,1,7470,6,8
89403,1,0.633,1,583,2,5
89413,0,0.774,1,7885,19,9
89418,1,0.722,1,44707,18,151
89457,1,0.681,1,6836,18,17
89497,1,0.567,1,711,3,5
89502,1,0.646,1,1504,5,18
89541,1,0.696,1,1532,2,6
89558,1,0.696,1,1576,2,6
89580,0,0.559,1,14080,2,13
89591,1,0.545,1,430,1,9
89613,1,0.719,1,2845,3,6
89636,0,0.506,1,39633,5,84
89645,1,0.59,1,2837,9,16
89657,1,0.65,1,3684,2,6
89671,0,0.634,1,1150,23,10
89714,0,0.611,1,1150,2,5
89743,1,0.585,1,28237.1,26,62
89754,0,0.503,1,63195.26,21,1076
89776,1,0.511,1,11464,19,12
89803,1,0.599,1,19125,14,53
89873,0,0.583,1,4958.29,14,5
89879,0,0.561,1,38747,69,79
89902,1,0.575,1,24529,32,115
89906,1,0.529,1,11580,30,9
89930,1,0.668,1,10525,6,10
89959,1,0.728,1,10800,3,11
89969,1,0.6,1,56391,12,320
89985,1,0.71,1,70105.3,224,764
90038,1,0.56,1,1482,10,7
90043,1,0.596,1,76440,7,459
90053,0,0.783,1,15239,12,14
90057,1,0.739,1,52606,148,157
90106,0,0.764,1,8316,46,9
90130,0,0.563,1,7677,1,14
90156,1,0.663,1,6297,6,14
90169,1,0.525,1,22880,15,39
90183,1,0.52,1,27123.69,27,101
90202,1,0.626,1,5266,16,7
90237,1,0.646,1,72710,71,943
90241,1,0.703,1,1947,2,6
90253,1,0.64,1,1431,7,5
90348,1,0.711,1,9268,1,10
90351,1,0.56,1,668.27,1,9
90370,1,0.789,1,75672,24,1904
90376,1,0.755,1,46417,14,107
90381,0,0.666,1,1950,50,10
90418,0,0.615,1,2526,2,11
90438,1,0.719,1,6024,5,8
90452,0,0.712,1,52437,41,541
90474,1,0.64,1,6706,7,9
90483,1,0.613,1,2385,4,6
90485,1,0.597,1,1500,2,10
90505,1,0.788,1,66373,195,730
90512,0,0.604,1,19330,2,31
90518,1,0.757,1,40620,20,73
90548,1,0.736,1,32200,13,82
90564,1,0.641,1,7798,2,8
90588,1,0.532,1,26749.76,11,104
90615,0,0.61,1,374,1,5
90655,1,0.508,1,22873.14,17,22
90667,1,0.567,1,6345,33,15
90679,1,0.585,1,14772,6,50
90689,1,0.654,1,11619,2,11
90781,1,0.755,1,4880,12,7
90816,1,0.641,1,17032,19,26
90850,1,0.591,1,18824,12,13
90856,1,0.544,1,14660,19,28
90877,1,0.659,1,1292,2,6
90896,0,0.709,1,2432,2,6
90931,0,0.632,1,19198,2,17
90933,1,0.707,1,6170,2,8
90941,1,0.508,1,4199.67,1,7
90969,1,0.506,1,8089,5,9
91039,1,0.523,1,322,1,5
91056,1,0.526,1,19221,5,38
91066,1,0.56,1,40651,12,90
91083,1,0.618,1,25554.38,309,27
91086,1,0.701,1,66465,15,1369
91090,0,0.7,1,3113.52,5,6
91091,1,0.665,1,7145,10,8
91101,1,0.512,1,6515.47,1,6
91162,1,0.627,1,622,1,5
91208,1,0.509,1,3008.04,16,6
91220,1,0.678,1,3056,1,6
91238,1,0.654,1,170,10,5
91239,0,0.702,1,5258,2,7
91242,1,0.506,1,3626.26,10,7
91250,0,0.656,1,351,3,5
91257,1,0.642,1,35302,2023,191
91294,1,0.563,1,200,2,9
91321,1,0.547,1,45496.7,28,124
91327,1,0.656,1,1542,1,6
91328,1,0.565,1,4397,7,5
91344,1,0.63,1,9358,108,35
91386,0,0.645,1,6284,2,14
91393,0,0.605,1,23792,2,40
91399,1,0.547,1,6294,180,48
91413,0,0.63,1,4000,2,12
91435,1,0.601,1,20363,14,32
91438,1,0.593,1,674,2,5
91462,1,0.649,1,56362.06,56,291
91484,1,0.791,1,44376,19,99
91487,1,0.525,1,30597,12,140
91498,0,0.675,1,14412,5,13
91500,1,0.736,1,5721,15,8
91503,0,0.683,1,3599,1,7
91538,1,0.642,1,2619,9,11
91541,1,0.758,1,53387,44,536
91550,1,0.53,1,2248,6,20
91564,1,0.572,1,2243,1,6
91623,1,0.613,1,3096,1,11
91640,1,0.502,1,20351,6,59
91641,1,0.504,1,6128.44,20,14
91692,0,0.526,1,5547,3,12
